{
    "deepseek-1.3b": 0.985009,
    "deepseek-6.7b": 1.133763,
    "stable-3b": 1.100464,
    "codellama-7b": 1.935331,
    "qwen3-0.6b": 1.321261,
    "qwen3-1.7b": 0.615286,
    "qwen3-4b": 0.713363,
    "qwen3-8b": 0.705971
}