{
    "deepseek-1.3b": 0.985025,
    "deepseek-6.7b": 1.133754,
    "stable-3b": 1.100469,
    "codellama-7b": 1.9353,
    "qwen3-0.6b": 1.321288,
    "qwen3-1.7b": 0.615292,
    "qwen3-4b": 0.713369,
    "qwen3-8b": 0.705955
}